Features,importance
D27,0.0320484063975958
D469,0.00965325118781592
D14,0.009339736290678725
D10,0.008616506348794895
D2,0.0071477831386619495
D5,0.006700338599408199
D21,0.0066081235867987325
D7,0.006596960798697664
D106,0.006586713975567071
D20,0.0064881920325182
D107,0.006396105144383661
D88,0.006370553872993763
D66,0.006366737753631576
D87,0.006343156751502531
D6,0.006268050181404963
D18,0.006217753268817162
D78,0.00621120340041972
D9,0.006162762510063002
D95,0.006145951380819936
D16,0.006126446177202761
D104,0.006090146047233691
D84,0.00608029646692108
D15,0.006004845217705853
D19,0.005962986859504219
D103,0.005884957773550925
D89,0.005853000911369158
D17,0.005835512292046936
D91,0.005756820911810171
D105,0.005683900272175669
D86,0.00559444825772885
D26,0.005576164734325349
D177,0.005511352977742509
D8,0.005300591438460433
D64,0.005293975746443992
D187,0.00526668312705764
D32,0.005264300700481344
D74,0.005181777812233151
D30,0.005116108692188213
D747,0.005041437100213292
D200,0.005010427285067898
D217,0.005000648540196147
D146,0.004987167276729637
D46,0.004957033488933236
D102,0.004949632731114124
D47,0.004869107218260023
D25,0.004791632584019777
D182,0.004762468661734066
D951,0.004724350040056763
D99,0.0046962159519181425
D31,0.004608677117891632
D90,0.004517628739987104
D911,0.0044489550731185885
D196,0.004427108141417398
D208,0.00441946176261804
D56,0.004313212533657781
D100,0.004264798372767664
D61,0.00417622146258495
D204,0.004135363769952028
D38,0.0041164313720921195
D158,0.004111346995507617
D181,0.004065722908419113
D659,0.00406490921418653
D45,0.004061850335913957
D218,0.003962394085639477
D175,0.003917383272715935
D660,0.0039055306938226386
D69,0.0039044138909264964
D173,0.003874612285324576
D70,0.003782071187607602
D11,0.0037801527367555825
D201,0.0037565024304298924
D67,0.0037337140272046296
D209,0.0037161900737420874
D75,0.0035519652474065317
D101,0.0035497186884145843
D80,0.003493441656892875
D39,0.0034557955992408212
D76,0.003439360012760039
D202,0.003376706662971453
D48,0.003352909782653527
D71,0.003309453686456326
D739,0.003303029754987602
D131,0.0032878714670712813
D60,0.003282391097959308
D198,0.0032242353536540104
D194,0.003058597554963423
D607,0.0029193117381240597
D152,0.0029160825153467487
D207,0.0028967625102502654
D55,0.002885465632049648
D596,0.0028796989706546643
D49,0.0028711683758898374
D65,0.002865165357533517
D63,0.00286322503426785
D180,0.0028498727395313713
D68,0.0028312295300874685
D199,0.002760490412351924
D83,0.0027507471677535216
D44,0.002723289498675916
D117,0.00269784169951095
D54,0.002661795298649444
D979,0.002598958471779858
D130,0.0025846359174751424
D959,0.0025834694760784164
D145,0.0025783396546611563
D150,0.0025678186875665626
D126,0.0025085871060319506
D62,0.002474321020301049
D33,0.002472423412734647
D1036,0.0024051108523744174
D211,0.002383826627419069
D43,0.002368044200532812
D139,0.0023573496331058034
D85,0.002335969846902792
D58,0.002311559116326531
D947,0.0022860400101683376
D219,0.0021684404605434734
D927,0.0021399801135129235
D740,0.0021160704753753422
D3,0.002102887625605392
D178,0.0020938145033772837
D51,0.002071712341479669
D504,0.0020698791458903065
D53,0.0020613947259872194
D505,0.0020510488942827166
D57,0.002042648054111718
D52,0.0020333084459933353
D595,0.002010866626947593
D172,0.002006432940922762
D142,0.001973676960264542
D35,0.001968761759549124
D81,0.0019563403387452658
D440,0.001946082927148643
D197,0.0019440163002017558
D40,0.0019425609411813638
D205,0.001942287021938546
D96,0.001939473186360417
D143,0.0019381502790355462
D926,0.0019156289476356548
D151,0.0018920881742275663
D741,0.001886444592306428
D802,0.0018601640486290824
D128,0.001823602203517155
D1,0.0017883891215346379
D79,0.0017770304588442098
D1087,0.001736905617177399
D950,0.0017339112876818695
D92,0.0017274162640487937
D480,0.0017104502425609293
D119,0.0017082075286382007
D50,0.0016984700724294078
D479,0.0016960849247167626
D129,0.001642737099089788
D162,0.0016401377426286802
D925,0.0016400791269073798
D1061,0.001629618107047905
D136,0.001621814983084973
D685,0.0016171918062677635
D133,0.0016062260010209495
D844,0.0015866590064750217
D73,0.0015795169866144505
D149,0.001557965429631424
D191,0.0015490199327420008
D34,0.001522895183983264
D36,0.001510819771961096
D214,0.0014666347081568607
D512,0.0014646609796343027
D622,0.001457879466474936
D334,0.0014516333590898394
D426,0.0014369650312985019
D155,0.001434997800668
D223,0.0014179904620551943
D137,0.00135672183650247
D807,0.0013557506643691183
D806,0.0013528778924320353
D22,0.001343058943728287
D185,0.001325199550285884
D762,0.001303160810392934
D237,0.0012647798674710155
D93,0.0012614527856621182
D700,0.0012610538535784304
D212,0.0012536121214109244
D135,0.001251682748718446
D12,0.0012419676995315098
D97,0.001236007999219334
D195,0.0012200294937342615
D161,0.001212042875714266
D949,0.0012035540056464882
D159,0.0011955790529852447
D513,0.00118886037090857
D808,0.0011866256887665756
D473,0.0011557274088584992
D215,0.0011416947852155993
D961,0.001137590333020333
D999,0.0011363302589118428
D661,0.0011295408752980043
D183,0.0011212862060670206
D210,0.0011200199191547901
D889,0.0011120474290447614
D441,0.0011060423260288287
D203,0.0010871098498646393
D127,0.0010807448142173218
D216,0.0010770757867106147
D514,0.0010629135980088978
D160,0.0010555518825867722
D41,0.0010520104335794323
D164,0.0010437946438716838
D443,0.00104259638751747
D842,0.0010355837942605131
D168,0.001017439405659923
D843,0.0010114466052717748
D449,0.0010071786682685298
D42,0.000993544502399409
D458,0.0009840213921567284
D995,0.0009760628791939537
D933,0.0009728576848530693
D157,0.0009686071572624752
D649,0.0009649644017093425
D457,0.0009546862398055807
D597,0.000944525950131037
D900,0.0009424580671310497
D59,0.000939966539471094
D663,0.0009390791528421848
D1002,0.0009364243588671362
D662,0.0009306707491364319
D416,0.0009201789846315615
D583,0.0009131890804951109
D748,0.0009128747748133687
D672,0.0009072143568373238
D108,0.0009060665840477782
D459,0.0008994872946580572
D809,0.0008942359785949298
D764,0.0008874331551501775
D442,0.000887139482911729
D890,0.0008796021865865116
D472,0.0008703268897986983
D621,0.0008664629784628857
D1169,0.0008662821597317109
D309,0.0008634778724727354
D697,0.0008619931782698022
D982,0.0008513835008672442
D1004,0.0008494724131741821
D1071,0.0008466146406287491
D415,0.0008452953760328084
D515,0.0008412984180340637
D13,0.0008364758598509766
D1281,0.0008262597951782362
D623,0.0008249213525800886
D978,0.0008237119205840354
D1008,0.0008209212133182828
D763,0.0008175054697855619
D673,0.0008173611369420215
D470,0.0008147236579200543
D810,0.0008145623173831026
D118,0.0008121685193433805
D167,0.0008088988235276796
D688,0.0008028495394806003
D516,0.0008003789837415725
D1309,0.0007952599665265217
D386,0.0007937881952728641
D147,0.0007875429537640194
D901,0.0007827230527047776
D1017,0.0007719159830382117
D1113,0.0007717926283185221
D154,0.000764957250576203
D775,0.000762974542213946
D742,0.0007524578985600263
D811,0.0007453984094770489
D954,0.000737255972654404
D891,0.0007356492779389663
D750,0.0007312057302838097
D444,0.0007211779935938157
D37,0.0007198885600181847
D1074,0.0007181637452673055
D417,0.0007138786345522817
D955,0.0007113371135028421
D132,0.0007100725764951761
D1076,0.0007004134217303994
D699,0.0006986476828713241
D1050,0.0006974103796807671
D156,0.000687215558132474
D608,0.0006869650927131703
D960,0.0006868433088122602
D77,0.0006712795769486535
D765,0.0006662684607674097
D1067,0.0006657354530251477
D1196,0.0006587244655549085
D1018,0.0006574673157701177
D1059,0.00065683787026431
D460,0.0006550529156664829
D249,0.0006509996593973945
D1055,0.0006499514915799424
D791,0.0006467541544185871
D492,0.0006460939174803337
D958,0.0006413747232933158
D1083,0.0006361981037801103
D445,0.0006351011837079003
D751,0.0006339075789243159
D1040,0.0006337522666220772
D1039,0.0006336987132910474
D973,0.0006324309759932891
D1078,0.0006300364288617283
D1168,0.0006291614926447658
D163,0.0006254873387172669
D1026,0.0006230163528159973
D976,0.0006203085361669076
D312,0.000618224744554067
D1009,0.0006181584842266621
D474,0.000617295995281721
D1390,0.0006161104787841999
D310,0.000611797033369279
D977,0.0006095605824940649
D625,0.0006090266211134687
D913,0.0006089232709540504
D624,0.00060662279160134
D687,0.0006007126361535619
D110,0.0005973318997378941
D928,0.0005964604857965158
D517,0.0005928622166732
D992,0.0005924984623308404
D967,0.0005913458280933357
D373,0.0005906766413461671
D996,0.0005899178608778804
D1011,0.0005869668414214207
D953,0.0005858273622605018
D140,0.0005858053793511298
D975,0.0005837662891203522
D311,0.0005833953310711074
D1000,0.0005827771827552235
D970,0.0005823279126043911
D1003,0.0005789677469619389
D1010,0.0005766814269007897
D981,0.000573393948095902
D988,0.0005715586984123329
D192,0.0005713892420608791
D1100,0.000570854601792887
D966,0.0005674107574165737
D952,0.0005628220964648668
D1041,0.0005619958069746036
D998,0.0005613704253036051
D1019,0.0005611985214677947
D1064,0.0005595366921485708
D1015,0.0005569933329164128
D1063,0.0005563413399036521
D935,0.0005548128930035526
D1056,0.0005539566210774627
D224,0.0005535233023298237
D582,0.0005521997486993147
D471,0.000550886732192616
D226,0.0005493375879312178
D1052,0.0005470355905469858
D166,0.000542435366145288
D1022,0.0005410881662696685
D1143,0.0005407087223638812
D1021,0.0005393187362149435
D141,0.0005364884578265059
D1029,0.0005269291750227222
D986,0.0005246788719730918
D968,0.0005229407030619185
D994,0.0005218147040194737
D698,0.0005211231606721307
D1006,0.0005173919232014341
D1062,0.0005173642475763948
D29,0.0005172559930089475
D1020,0.0005165651510234623
D1033,0.000516479366927537
D1037,0.0005156549424005715
D1016,0.0005151046782676039
D1434,0.0005148332114613478
D1150,0.0005146374976854569
D987,0.0005145231655723949
D752,0.0005131438517824631
D248,0.0005130423628982962
D1047,0.0005123672631342989
D153,0.0005122782819662394
D225,0.0005111332840684515
D1027,0.0005098325487793627
D1193,0.0005091560025601899
D1152,0.0005091217593496377
D1125,0.0005084391823340701
D1028,0.0005079932265500247
D494,0.0005079582135079021
D1070,0.0005069037064989491
D229,0.0005062256554222022
D984,0.0005049313736514566
D989,0.0005044981435296894
D1032,0.0005030134728271367
D964,0.000502432160178965
D892,0.0005024195069914085
D880,0.0005022336880199143
D228,0.0005001103085067591
D1012,0.0004997875660357839
D749,0.0004992616465980143
D912,0.0004969191656596367
D222,0.0004952451026331585
D1111,0.000494748374366322
D1060,0.000492700897175025
D1048,0.0004923398001729999
D1075,0.0004917913075986697
D1159,0.0004911405646381572
D1046,0.0004900524811562028
D812,0.0004896823383416066
D991,0.0004894294481647506
D609,0.0004878854708071211
D1023,0.00048696047215106796
D174,0.0004850977320343224
D1001,0.0004845612686278763
D120,0.0004798688288880513
D1072,0.000479840360463158
D1089,0.000478701997503749
D974,0.000478681469171248
D936,0.0004784277248428039
D1007,0.0004766863755878743
D1069,0.000475940206991553
D1014,0.00047555222756457717
D418,0.0004750369485077701
D1106,0.0004731175346121348
D963,0.0004695326525522111
D962,0.0004690218825635355
D1185,0.0004685733615937307
D993,0.0004680933766725501
D675,0.00046485413572279434
D972,0.0004628536976555803
D82,0.0004612407330529789
D1054,0.0004609022755382742
D1051,0.0004596687134222335
D1094,0.000459106952857074
D664,0.000458848390257728
D94,0.0004584656342485759
D990,0.00045755463547347787
D1142,0.00045693544129931686
D983,0.0004545996363931641
D1182,0.0004542164575525992
D985,0.0004535618108988099
D932,0.00045296008550186695
D1049,0.0004481349925202594
D1057,0.0004464431776214825
D674,0.0004454542872985322
D956,0.00044427384930015177
D1338,0.0004436208011138603
D1130,0.0004418275963119893
D1065,0.0004417793065699875
D1013,0.0004410883349963482
D447,0.0004408631301507512
D1195,0.00043988183507977495
D701,0.00043838734398798706
D1200,0.0004375315400124986
D446,0.00043734116028668215
D1045,0.0004364989698896982
D766,0.00043585153726338223
D1131,0.0004356360023509368
D997,0.0004353682357171323
D934,0.00043289874436900266
D1166,0.0004304574028268894
D893,0.0004294325592680475
D1123,0.0004291228537411277
D1024,0.0004247659247093112
D1058,0.000423420989440458
D841,0.00042317315256217583
D1127,0.0004231658861955833
D313,0.00042166751235798826
D1098,0.0004208011908282398
D1038,0.0004207294655806423
D1120,0.00041913466032890575
D1445,0.0004168212172555211
D937,0.00041647338376399155
D599,0.00041205686951318335
D882,0.00041186022636842255
D1031,0.0004117028454255656
D1117,0.0004100848250798467
D1361,0.00040989811677213933
D1118,0.0004087672336112831
D686,0.00040742710503933555
D1107,0.00040347365354975333
D1121,0.0004033287754356212
D165,0.0004023032794100871
D1155,0.00040175703377360743
D1135,0.00040145348223561935
D361,0.00039953777097136953
D360,0.00039938133812255765
D1170,0.00039780326915879813
D1053,0.0003977804128194812
D1178,0.00039642846874158504
D1133,0.00039581476301725396
D121,0.0003955184080903754
D1173,0.0003936834050366412
D1167,0.0003932978721595351
D1126,0.00039192711796558714
D1082,0.0003910187192058662
D1198,0.00039062634187660166
D767,0.0003897459841046387
D1172,0.0003893626022886167
D1044,0.00038775508055488117
D1199,0.0003858133466571481
D1073,0.00038491656974659914
D792,0.00038458590419274943
D4,0.00038340142827757954
D813,0.0003826787359656115
D1066,0.0003815691493866646
D1165,0.0003805427138799032
D1099,0.00037883970831102193
D1043,0.00037851031190911483
D1191,0.0003771539416542185
D1163,0.0003763202326067383
D359,0.00037601044403948094
D1144,0.00037288693163815004
D144,0.00037268457777465497
D1116,0.0003724956228261962
D1171,0.000372290034372623
D1103,0.0003716416497159999
D314,0.00037039383957393333
D1035,0.000369784224210035
D1093,0.0003679722758879455
D1119,0.0003679474741770588
D1005,0.00036722853937769034
D1030,0.00036719276992394834
D612,0.0003663990268123814
D1034,0.00036611004356707275
D1042,0.00036399746106307185
D453,0.00036386558132603755
D390,0.00036323314725070026
D1140,0.0003632005951876022
D1158,0.00036200683967123153
D122,0.00036177083855346975
D1132,0.00036041336993677806
D1176,0.0003595339174405049
D109,0.000357674016500374
D461,0.00035761949356664355
D1341,0.00035760103850245023
D1025,0.0003574512401082579
D1187,0.0003574256923647282
D1189,0.0003571673116542797
D1201,0.00035539847279428873
D814,0.0003529904803442089
D1084,0.0003526603650488347
D903,0.0003523380752734875
D452,0.000351964142348657
D481,0.0003517773339374014
D1141,0.000350709870596798
D768,0.0003505123804450976
D1157,0.00035004038300511946
D957,0.0003494869320040972
D1114,0.0003494699427072282
D375,0.0003493128697189091
D1194,0.0003491292685419072
D1077,0.0003483023949058358
D980,0.00034817225898131345
D969,0.0003480241943225646
D493,0.00034649452573539763
D881,0.00034268673706931615
D626,0.0003406566302366715
D1149,0.0003405021265210719
D1174,0.0003401717859274557
D377,0.0003396846347167944
D1161,0.00033929861249510816
D1184,0.0003385886286354088
D1183,0.0003385056804411204
D1095,0.0003372620571416138
D1068,0.0003370160387091917
D1109,0.00033633090100368515
D585,0.00033549921855966766
D1092,0.000335151987024582
D220,0.0003342161679562453
D1181,0.00033348951562183615
D1080,0.00033346731775633014
D1188,0.00033331976148522454
D586,0.00033249309012042203
D419,0.0003314440941613951
D233,0.0003314401009044399
D711,0.00033025430266513616
D227,0.0003294228770580304
D1091,0.0003274493294456675
D965,0.0003260888812186646
D665,0.00032526464278361683
D971,0.00032428185263105153
D451,0.0003237726733668744
D1202,0.0003212735773697925
D518,0.0003205437485663317
D729,0.000320465703370656
D186,0.00032025782544405985
D1115,0.0003188193669059914
D1090,0.00031872990657116196
D1147,0.0003173055704749624
D728,0.0003168117428191516
D1203,0.00031670172088934406
D1079,0.00031669904725135944
D98,0.00031669847934028727
D1088,0.000315961537223224
D475,0.00031521759742496775
D1124,0.0003150636735021669
D189,0.00031488130906067775
D336,0.00031479434994863406
D611,0.00031181053371052796
D1156,0.0003116910276565883
D610,0.00031107603759586737
D337,0.0003109231200922516
D1179,0.0003100560429915258
D702,0.0003090441504073924
D1136,0.0003089043289766982
D1151,0.00030760284100136217
D1426,0.0003050904895341726
D1160,0.00030446779259140917
D1204,0.0003040780140859938
D376,0.00030277044129105757
D1097,0.00030113818261616275
D902,0.0003009551274414084
D387,0.00030028446763740807
D389,0.0002985615254453586
D1192,0.0002982953342281513
D598,0.0002968414106875332
D1360,0.00029670836890493185
D769,0.00029573305129648465
D462,0.00029453823532590834
D1417,0.00029448323936390023
D1101,0.0002944597879746325
D335,0.0002937762426048271
D1086,0.00029369801062062494
D111,0.0002923832739522157
D1081,0.00029236284955400603
D1177,0.00029198656780432666
D1085,0.0002919101907968812
D753,0.00029170262684556826
D476,0.00029155814084923747
D496,0.00028977184596615084
D1164,0.0002896476040057757
D374,0.0002895827533868797
D1138,0.0002878725734164813
D1186,0.0002877826663414829
D123,0.00028729380945322693
D1108,0.0002871030558425214
D1273,0.00028655648532671993
D1137,0.0002858319258972987
D1332,0.0002843010551140375
D534,0.00028395165424218273
D236,0.00028378561308231484
D790,0.0002825156809923867
D545,0.00028211375800983607
D1407,0.0002801878283502852
D1139,0.00027906254163421486
D495,0.0002786131392666761
D206,0.0002783716413336314
D1272,0.00027729245341779306
D1096,0.0002772222168099214
D894,0.00027704983748069305
D554,0.0002763217625901948
D1128,0.00027601981904185513
D666,0.00027537998448247424
D1122,0.0002753595392425019
D863,0.00027382358375361557
D939,0.0002737650190904466
D1145,0.0002730974358868241
D338,0.00027294043903939674
D703,0.00027130048141322345
D1104,0.000271022259667629
D584,0.0002689097322637744
D557,0.0002685087298825781
D1154,0.00026759513257730447
D1180,0.0002670211316305822
D1190,0.0002661247277088469
D1153,0.0002654043145358324
D315,0.00026533534548375034
D1371,0.00026513708754296054
D793,0.00026481404616977275
D1421,0.0002631747800809652
D1359,0.0002631223927519753
D1175,0.0002626220662303851
D428,0.0002601808239340501
D1285,0.00025973051251320994
D420,0.00025740093877639014
D1447,0.0002573259906123287
D1162,0.00025703499908020106
D542,0.00025586696715694675
D1219,0.0002557451781258429
D794,0.000253727956954808
D378,0.0002527686020241981
D1335,0.00025164879788235913
D1441,0.00025163082649925714
D421,0.00025148994228176756
D463,0.00025107655385180777
D1197,0.0002487755852501383
D1148,0.0002479208194077738
D491,0.00024743815554774086
D454,0.0002472483697066471
D1364,0.0002458357269302344
D938,0.00024450238528038774
D1321,0.00024406208800869923
D430,0.00024278439239051275
D1243,0.00024253760675193296
D1333,0.00024250597709592106
D627,0.00024058649990855302
D535,0.00024013641942340324
D1110,0.00023932588473494785
D1403,0.00023906787150726824
D710,0.0002381531544946121
D243,0.0002374971768729298
D388,0.0002374173676483005
D1112,0.00023662214148328507
D1278,0.00023628541721686694
D1234,0.00023611500760244554
D1134,0.00023306103848341707
D1102,0.00023260010733193177
D1287,0.00023230097490228987
D689,0.00023212983377020178
D613,0.00023189879909554374
D556,0.00023182149430619288
D391,0.00023093882117535748
D1247,0.00023035126452559143
D169,0.00022945589337201614
D526,0.00022912218992165398
D429,0.00022821605396220946
D1411,0.0002272999360241873
D650,0.00022652799373526058
D1280,0.0002264183260199263
D761,0.000226356125699661
D231,0.00022577708266104796
D1400,0.00022535372923900536
D1235,0.00022462422368048124
D803,0.00022319926386720385
D1327,0.00022291805712741075
D587,0.00022094344709353082
D1418,0.00022070992819241624
D1146,0.00022063906168839857
D213,0.00021960292032977198
D546,0.00021953443923322034
D558,0.00021950722728483567
D524,0.00021899125436324236
D1250,0.00021775413883047705
D1226,0.00021754819971657428
D730,0.00021533174154761138
D1334,0.00021498048495702417
D1435,0.00021478830209467476
D1129,0.00021419364419127574
D1376,0.00021341917769437293
D1259,0.00021330788428403717
D1409,0.00021320466194578135
D348,0.00021317985563522283
D547,0.00021225285243984025
D260,0.000212150245964722
D477,0.00021210501376298162
D1370,0.0002109026154565879
D482,0.0002096496954256791
D916,0.00020904437215903173
D635,0.0002089106452726966
D1294,0.0002087712263214527
D1414,0.000208760697771394
D1238,0.00020728811546022333
D895,0.00020606827233582675
D1289,0.00020540893210593527
D1384,0.000204996261111133
D677,0.00020496430238293051
D1269,0.0002038202945652985
D455,0.00020254462061559088
D883,0.00020247580495868486
D114,0.00020230550816603785
D776,0.00020226843579695594
D250,0.00020176509405961978
D1252,0.0002001712502646744
D579,0.0001999257965336168
D24,0.00019967969529174301
D1213,0.00019953136186836361
D138,0.00019869615930008107
D339,0.0001983614650652065
D1216,0.00019794003807749707
D1433,0.0001955435242960403
D676,0.00019511085865211856
D678,0.000194782112664032
D914,0.00019464104396286615
D362,0.00019443535502876864
D1311,0.00019430514422359257
D731,0.00019385205757264966
D712,0.00019313979542767836
D548,0.0001925989553228527
D1350,0.0001921811014024632
D1381,0.00019214014837094673
D350,0.0001918130146053573
D1105,0.0001914358110268114
D1323,0.00019125969939113463
D896,0.00019065539264467166
D667,0.00019030749666988682
D743,0.0001900003568727071
D340,0.00018996877318968865
D1276,0.00018971012633090328
D904,0.00018962391181165088
D832,0.00018889057593509035
D112,0.00018847426243535017
D536,0.0001877170442348725
D124,0.0001871256230056477
D815,0.00018682399276216257
D1342,0.00018597061397438526
D1245,0.00018571403050410986
D1379,0.0001853095399056382
D1241,0.00018466947522820552
D1427,0.00018441140956404305
D525,0.0001843011732893573
D770,0.00018422550512674115
D1325,0.00018371880081418735
D1386,0.00018318500418533918
D1410,0.00018301479824532822
D1382,0.00018195443469723455
D246,0.00018111689439698163
D795,0.0001806470180738656
D1399,0.00018059618668341942
D1345,0.00018010508187015552
D1264,0.00017996301202370026
D1230,0.00017987950126773663
D929,0.00017980466896762445
D1317,0.00017940322646700727
D1396,0.00017928516970223436
D588,0.00017835932366375002
D1237,0.00017830875471204968
D363,0.00017816155594571723
D1375,0.00017770186029190463
D1431,0.00017724950702781083
D1307,0.0001771651388412309
D864,0.00017701602184184385
D1274,0.00017671659692228276
D392,0.0001763383872502267
D1270,0.00017615726674346282
D1412,0.00017556720248489472
D1392,0.00017549310290661298
D1349,0.00017547658952899716
D1236,0.00017533472332910757
D1302,0.0001753108224170791
D1391,0.0001743272196359742
D1240,0.0001735402753458706
D1263,0.00017340497288679128
D1242,0.00017222863033952146
D1406,0.0001720823065745711
D1442,0.00017202051415985778
D1446,0.00017173679442809384
D652,0.00017148298068295716
D431,0.0001714820991844847
D651,0.0001711367587068343
D1254,0.00017061315463293456
D1267,0.0001705379596691229
D1405,0.00016972899062870942
D427,0.0001695305348123557
D1233,0.0001694277374029392
D1340,0.00016940646161680138
D1422,0.00016923625617228672
D538,0.0001691017909019232
D1271,0.00016894098234953163
D1415,0.00016853305620273345
D1402,0.00016811050149269117
D1206,0.00016798445788582535
D777,0.0001676867588301574
D1282,0.00016747370874894594
D1301,0.0001672233389061161
D1346,0.0001667562236285886
D915,0.00016662993518827237
D1443,0.00016461694227259797
D1318,0.00016458257522984258
D1378,0.00016442844489080076
D1397,0.00016427444012284906
D1210,0.00016388184330471496
D1440,0.00016247577133563735
D28,0.00016151563433222101
D1262,0.00016034443428578153
D1356,0.00015981121124610125
D1385,0.00015961783554177075
D544,0.00015957786567570966
D1258,0.00015868804359424964
D656,0.00015865264639051762
D555,0.00015820353312322218
D1214,0.00015684955298611876
D1395,0.0001566626730241573
D1217,0.00015569932405397037
D1288,0.00015556394638455918
D537,0.00015553403696617402
D1296,0.0001547689183492983
D905,0.00015462386976304915
D288,0.00015458457692046036
D432,0.00015425699776004586
D239,0.00015419933721035636
D1229,0.0001539691011287115
D1681,0.00015355177016325176
D560,0.00015307019229111814
D1430,0.00015296271109029684
D755,0.00015281988149924773
D1221,0.0001525677665470421
D448,0.0001523258179394341
D1352,0.000152191463034574
D1279,0.00015214962871907398
D1310,0.00015199442661907153
D1331,0.00015180271650231118
D1293,0.00015171888825917418
D1299,0.00015149852810730042
D1353,0.00015134688092149733
D1420,0.00015128563127548065
D569,0.0001510420543546672
D519,0.00015090093150478372
D884,0.00015041771219002684
D1388,0.00015036785278159184
D576,0.00015020239482768535
D845,0.0001497858342175715
D897,0.00014971763185506765
D423,0.00014808471893426093
D1277,0.0001480429820295047
D1366,0.00014789101158053702
D1297,0.00014783968775201962
D1363,0.00014777895924345764
D1351,0.00014776176071881915
D561,0.00014731143200756396
D846,0.0001467982398890119
D1211,0.0001462782172697848
D365,0.0001461041043044614
D1291,0.0001458394889577184
D1261,0.00014557737276895164
D1729,0.00014552630947073985
D690,0.0001455035478889967
D1330,0.00014545894146639869
D1324,0.0001452175660474426
D1255,0.00014505228389446778
D559,0.00014497733645093899
D464,0.00014497112727635314
D1448,0.00014489327207055217
D1209,0.0001448061567669674
D1368,0.0001443535686093063
D1257,0.00014353415205250723
D326,0.00014336133083702872
D1436,0.00014332402609515437
D1322,0.00014317787787905453
D1336,0.00014252629631363335
D1377,0.00014234945426728294
D754,0.000141829666816787
D113,0.00014182693857507148
D1308,0.0001413584488077201
D1286,0.00014113385930637624
D422,0.0001408299821775006
D1439,0.00014067526244052788
D898,0.00014054416410078078
D380,0.0001402419379045863
D1365,0.00014000153788487906
D221,0.0001398356882807929
D628,0.0001397950856123125
D1232,0.00013952266968605536
D1256,0.00013940257890454914
D1275,0.00013915146903768883
D1329,0.00013815090906057754
D1596,0.00013808072210322146
D1239,0.0001380531317859389
D1244,0.00013789821377998676
D1251,0.00013770587068011244
D1268,0.00013731162754209827
D549,0.00013730288012975205
D1231,0.00013726467146525406
D1303,0.00013667909149855308
D1369,0.00013651807455361707
D1387,0.00013621680130589478
D550,0.00013613093244400765
D1699,0.0001357767276925564
D1438,0.00013567221707855854
D1408,0.00013543716865852857
D653,0.00013531544477337297
D668,0.00013527531994653443
D1347,0.000135162202554415
D1337,0.00013505108809103156
D1357,0.00013441751240575448
D318,0.00013394650187355825
D732,0.00013338995550911105
D351,0.00013338948168138527
D1429,0.00013334000801545776
D1344,0.00013332271605530444
D1354,0.0001329707586194123
D1212,0.00013292450364346743
D693,0.0001328649901978813
D1266,0.00013134278849528583
D1224,0.00013119939490782834
D1444,0.00013053005056868608
D1319,0.0001300349989809902
D1248,0.00012975747081935576
D115,0.0001292080715859785
D636,0.00012886941859375668
D704,0.00012870865266216067
D1300,0.0001282042549749721
D1290,0.00012721188870811696
D1454,0.0001269487605433984
D325,0.00012694747697814026
D1304,0.00012674298887701643
D1424,0.00012585527889919098
D1205,0.0001256358358627054
D520,0.00012554648409461057
D1393,0.00012508488052595084
D261,0.0001250788130895732
D1314,0.00012496156756846644
D1292,0.0001243663703825867
D1437,0.00012421866851993632
D1220,0.00012351709494473015
D1419,0.0001231344490982305
D521,0.0001228679234041543
D1362,0.00012222849236976545
D1295,0.00012122875050701141
D1320,0.00012107959447411624
D1223,0.00012088840226528074
D1249,0.00012088594827916753
D562,0.00012081373664050048
D1401,0.00012040876188334678
D614,0.00012039714472217032
D1218,0.00012001575403942876
D756,0.00011988516212657079
D1383,0.00011974972407581703
D190,0.0001196105768651812
D1316,0.00011908613056826069
D527,0.00011900090977133771
D1432,0.0001187287403369492
D1305,0.0001184548474353703
D179,0.00011793719577722423
D1425,0.00011789221967882162
D1404,0.00011761485193315305
D1298,0.00011690752832815458
D948,0.00011688627525373593
D1416,0.00011684468313604745
D816,0.00011682932543703404
D1398,0.00011666900200602266
D643,0.00011629097489662514
D232,0.00011614479287907487
D1339,0.00011604563083053549
D379,0.0001159723031943986
D709,0.00011544069362030963
D1343,0.0001152556849571053
D497,0.00011426564278827777
D1367,0.00011415380346976802
D134,0.00011411728391571608
D244,0.00011368582454044556
D319,0.00011366732101999995
D1763,0.00011318865133348399
D603,0.00011201266523287523
D281,0.00011191311309342494
D1348,0.00011116232021338249
D1423,0.00011114811083635367
D279,0.00011108617610223353
D1215,0.00011084104989531128
D364,0.00011012325415163191
D1328,0.00010964212734668026
D1373,0.00010917071929107413
D691,0.00010910338083347137
D349,0.00010809943872627384
D580,0.00010791835704352393
D1207,0.00010749995949179213
D393,0.00010711629763400977
D262,0.00010642774188999119
D1265,0.00010596022498925053
D247,0.00010591801989273924
D1394,0.00010578486184313625
D347,0.00010569345596036433
D409,0.00010568781536710888
D1374,0.00010560659892299261
D1315,0.00010544445653469158
D320,0.00010533268808043681
D600,0.0001051799202837924
D1536,0.00010494089393185985
D1380,0.00010474486266151217
D1481,0.00010458517579392918
D1545,0.00010392886489238916
D176,0.00010326683943291402
D1246,0.00010295096059854508
D1260,0.00010245076188610658
D1227,0.00010223048180993632
D1228,0.00010218175717247918
D679,0.00010163286899947029
D528,0.00010067400400360083
D620,0.00010058995657065886
D577,0.00010051938913761948
D1768,0.00010050173568953897
D1389,9.99870956707333e-05
D273,9.983489131186563e-05
D1413,9.878454179037485e-05
D818,9.822015575409058e-05
D529,9.802911767511399e-05
D833,9.797790311119478e-05
D411,9.721844745731205e-05
D276,9.689637357559894e-05
D796,9.674529607239022e-05
D523,9.652276294647956e-05
D522,9.62744867813103e-05
D706,9.610536344583807e-05
D424,9.609151358094088e-05
D1746,9.607868048204723e-05
D918,9.482813510926901e-05
D1208,9.43623210227885e-05
D271,9.42744896397188e-05
D771,9.40313903323622e-05
D270,9.379653072350856e-05
D906,9.37926879206126e-05
D1253,9.336673259276773e-05
D539,9.298166946896373e-05
D594,9.263936973402389e-05
D193,9.215104102689142e-05
D188,9.209760836615946e-05
D275,9.207286858701218e-05
D1428,9.131157528551238e-05
D644,9.096157535303058e-05
D280,9.09400142929885e-05
D669,9.057925344802216e-05
D1718,9.043410793299041e-05
D590,9.010164823614244e-05
D778,8.993162029454246e-05
D543,8.880833270529056e-05
D352,8.867589043112583e-05
D346,8.8640447734736e-05
D434,8.85402734381187e-05
D258,8.847844959419847e-05
D1355,8.834349333541645e-05
D758,8.833514937012606e-05
D1225,8.711652037654525e-05
D919,8.707900041658583e-05
D1372,8.697001113684339e-05
D412,8.682854495338334e-05
D343,8.673087673215422e-05
D498,8.666686140533327e-05
D578,8.614562461309239e-05
D917,8.58077473075504e-05
D848,8.57201505753433e-05
D866,8.565402826508198e-05
D1449,8.55531889905003e-05
D835,8.553392645032902e-05
D654,8.531083029402777e-05
D327,8.510075915592033e-05
D367,8.498896648579193e-05
D341,8.49591764998017e-05
D705,8.494230532819457e-05
D757,8.425971645505652e-05
D1615,8.407457115132321e-05
D899,8.383723717269448e-05
D1571,8.36422759067593e-05
D589,8.324116936497164e-05
D1283,8.294003572670388e-05
D1222,8.292078913672535e-05
D501,8.290276267949131e-05
D506,8.271746708306991e-05
D1313,8.21003633671812e-05
D727,8.166698183942164e-05
D478,8.157021304423161e-05
D865,8.121930504568328e-05
D723,8.121679880126145e-05
D551,8.091972845407812e-05
D801,8.067607777162166e-05
D606,8.044711230696112e-05
D125,8.005959468383152e-05
D849,7.994806220915158e-05
D1358,7.942671636929293e-05
D503,7.848920854550252e-05
D1451,7.671274783549095e-05
D382,7.61354805536712e-05
D734,7.592751988212351e-05
D1475,7.584118480449867e-05
D834,7.546768364182024e-05
D855,7.485845806849955e-05
D408,7.48007066003382e-05
D436,7.470925445885234e-05
D630,7.46293725135529e-05
D366,7.429488504345629e-05
D681,7.419056025165001e-05
D272,7.404276834928291e-05
D707,7.32088531195705e-05
D1598,7.241891745737843e-05
D907,7.22490909782155e-05
D1326,7.201788582458222e-05
D282,7.176912989318084e-05
D940,7.10518228306818e-05
D486,7.09716848695138e-05
D601,7.086996371335283e-05
D1644,7.039922134791156e-05
D394,7.03262934256667e-05
D671,6.98479658979767e-05
D629,6.952525417370014e-05
D396,6.894916707240811e-05
D465,6.883124106990821e-05
D885,6.877480296177891e-05
D1758,6.8540582109639e-05
D736,6.849946100747096e-05
D615,6.835667416352994e-05
D259,6.808174218822546e-05
D1580,6.785920259601824e-05
D1513,6.78257780160748e-05
D850,6.779347435185835e-05
D941,6.74716546669913e-05
D466,6.73912167853323e-05
D1665,6.660029770990368e-05
D716,6.630380832585512e-05
D1640,6.584602886368475e-05
D564,6.555252423302075e-05
D499,6.512992587424636e-05
D909,6.510384610265489e-05
D148,6.48829999238749e-05
D867,6.444577617269333e-05
D779,6.437163299775843e-05
D1749,6.435835325308036e-05
D289,6.378390684900553e-05
D235,6.298592062248735e-05
D1306,6.295754935928903e-05
D286,6.263883596727638e-05
D798,6.24892935207136e-05
D1525,6.225008716903625e-05
D400,6.2132215281072e-05
D722,6.20060496038559e-05
D943,6.153891204421457e-05
D1529,6.15022421737208e-05
D1728,6.148657024092837e-05
D410,6.145811617197117e-05
D930,6.144676167139003e-05
D641,6.111003670976507e-05
D910,6.106580632366182e-05
D1486,6.083577895668283e-05
D433,6.080350916294239e-05
D593,6.077375868943253e-05
D266,6.062634924805218e-05
D355,6.029243943995461e-05
D1609,6.0121213964703474e-05
D692,5.996822544245155e-05
D886,5.988665275675735e-05
D1312,5.988370311062843e-05
D817,5.9597501292747064e-05
D563,5.924890566506802e-05
D773,5.9127749804524586e-05
D456,5.868727417294059e-05
D1619,5.8465473540253617e-05
D1677,5.831604543409745e-05
D1502,5.8303065681426336e-05
D184,5.823993222452961e-05
D1700,5.791526383945654e-05
D407,5.784406249979333e-05
D876,5.774361255965724e-05
D284,5.769957805507692e-05
D267,5.7566750001354395e-05
D1593,5.744394313905565e-05
D1559,5.735925195252362e-05
D254,5.7260271619098914e-05
D1626,5.7175873245027016e-05
D1608,5.6959464603105514e-05
D290,5.6950171104626136e-05
D255,5.6872035002112476e-05
D1775,5.668495321373092e-05
D450,5.662505829778433e-05
D1556,5.6530955719993206e-05
D1583,5.604740661014037e-05
D268,5.5699614917117994e-05
D1520,5.493714608143025e-05
D1717,5.460062128369979e-05
D171,5.4585972548924396e-05
D251,5.4540463360529534e-05
D724,5.4368310408251544e-05
D1458,5.4336120897716564e-05
D1523,5.4191698110224864e-05
D1623,5.3418067879742696e-05
D1519,5.334420442158076e-05
D868,5.309114865924946e-05
D1543,5.307830063169347e-05
D291,5.283604134912449e-05
D774,5.280423737975287e-05
D1463,5.271014891387889e-05
D230,5.24742934003801e-05
D819,5.243881882193939e-05
D328,5.1875856416452567e-05
D274,5.1532910233391766e-05
D403,5.020559684235779e-05
D329,5.019540211927043e-05
D567,5.017499457077495e-05
D1622,5.004439211394151e-05
D1720,5.004247420452853e-05
D507,4.990122981594022e-05
D508,4.9698460152418486e-05
D1739,4.957639021340267e-05
D1697,4.947222882875009e-05
D616,4.9373570457292145e-05
D920,4.931245954713097e-05
D1284,4.907648165737938e-05
D1537,4.895305936661107e-05
D1541,4.893134719364925e-05
D1587,4.878929376862701e-05
D797,4.8766070260759986e-05
D1607,4.867996539976523e-05
D1656,4.8444463985365054e-05
D931,4.822809208839129e-05
D1591,4.818278809680419e-05
D1469,4.792761644008998e-05
D1522,4.7881121518174075e-05
D1570,4.781017218054334e-05
D738,4.726757393734705e-05
D381,4.710680300793544e-05
D869,4.705501342478363e-05
D631,4.703228066399608e-05
D1515,4.6932316398966553e-05
D1695,4.650271988795444e-05
D1526,4.617918642900291e-05
D1669,4.5989181904025306e-05
D1653,4.59363933500189e-05
D435,4.5891650909640035e-05
D353,4.5889066814514025e-05
D278,4.530064507239419e-05
D1548,4.510209478554685e-05
D1736,4.501608809873536e-05
D23,4.497392793794971e-05
D1565,4.4751430799848735e-05
D670,4.465478496131343e-05
D553,4.4493602890690275e-05
D1551,4.443097534930999e-05
D1468,4.400412818604146e-05
D1684,4.3999188879044326e-05
D1725,4.394047218767211e-05
D170,4.389038654200586e-05
D1499,4.3820485141500876e-05
D745,4.370394893022611e-05
D851,4.347584057371994e-05
D468,4.340977226990541e-05
D695,4.327972867298996e-05
D414,4.3136957683031925e-05
D1723,4.304545714616416e-05
D1757,4.301411720781333e-05
D1752,4.29684955249977e-05
D1569,4.267245868114449e-05
D331,4.255048885600975e-05
D1754,4.253757568374865e-05
D1452,4.2373656417496655e-05
D116,4.2289027602772154e-05
D1614,4.213397085454795e-05
D568,4.193838685445928e-05
D321,4.187842500809706e-05
D1557,4.175195273894087e-05
D617,4.1751079514760994e-05
D252,4.159617581118878e-05
D772,4.1556552167821394e-05
D1589,4.1544498789963726e-05
D1647,4.154094473503932e-05
D1734,4.122987944518333e-05
D1637,4.122896423076044e-05
D510,4.1179589970711065e-05
D1514,4.116873614887913e-05
D287,4.113106296905924e-05
D1576,4.10802088829156e-05
D1689,4.106261581367302e-05
D1634,4.104009669587707e-05
D1642,4.103251540144013e-05
D1705,4.07914113692689e-05
D1496,4.035241124710086e-05
D413,3.9960692754960415e-05
D1673,3.992374145883359e-05
D634,3.98868446765188e-05
D1668,3.97781870799232e-05
D532,3.969072544677467e-05
D399,3.963339966189396e-05
D1726,3.951295626577026e-05
D292,3.940661610093324e-05
D1744,3.9403146541917634e-05
D1528,3.935287705253266e-05
D591,3.933628096107014e-05
D263,3.932611845524534e-05
D1498,3.9153562178894693e-05
D1654,3.911811503375374e-05
D1767,3.875328499493192e-05
D718,3.873682970713294e-05
D1627,3.868046884376505e-05
D1774,3.8676989902953845e-05
D1709,3.865775034503731e-05
D1592,3.843105982873349e-05
D1503,3.82742502608316e-05
D245,3.826421603364072e-05
D483,3.813204738033602e-05
D1661,3.8096630406095485e-05
D645,3.8047456419765165e-05
D1663,3.7949104318992205e-05
D467,3.788608852631024e-05
D500,3.770553399879162e-05
D908,3.769394093180675e-05
D1698,3.762603053599967e-05
D857,3.7620065012671254e-05
D1735,3.758303464591098e-05
D1484,3.7517155363723934e-05
D1547,3.7515551242536334e-05
D264,3.745039135482007e-05
D1750,3.742827733397457e-05
D1764,3.73564616676423e-05
D942,3.735278948852588e-05
D1595,3.733156034675183e-05
D592,3.7287009753625076e-05
D395,3.7186020086130383e-05
D1508,3.7114848221576545e-05
D733,3.70013721128761e-05
D1501,3.698946452191661e-05
D655,3.696293452787852e-05
D1765,3.691464260829273e-05
D1645,3.673189598335441e-05
D581,3.6714795536354316e-05
D1710,3.669009003962024e-05
D1603,3.6575159490030755e-05
D1497,3.6529997268341206e-05
D397,3.646449496452484e-05
D1676,3.64315851163462e-05
D238,3.640564008587827e-05
D383,3.639152846687635e-05
D530,3.638943720643994e-05
D1602,3.6379162621467635e-05
D1650,3.6298414855813626e-05
D283,3.622162237963514e-05
D1731,3.619335447751862e-05
D1464,3.615840104213897e-05
D725,3.602930231685501e-05
D1632,3.601795249445517e-05
D300,3.585490850077144e-05
D1582,3.5803100380174377e-05
D1638,3.5762613489328377e-05
D1509,3.568538573453611e-05
D680,3.557547472229507e-05
D1558,3.530419527128977e-05
D1716,3.516545386400416e-05
D1641,3.5081774436203444e-05
D658,3.4918738614741404e-05
D1540,3.486688671313737e-05
D1492,3.485580329042849e-05
D1584,3.4688723658981484e-05
D1470,3.468663047268198e-05
D1473,3.4632487707723995e-05
D1521,3.4490594243871446e-05
D1682,3.447063166959227e-05
D1483,3.445419695316465e-05
D619,3.4428128773659606e-05
D1612,3.4124811135868834e-05
D1713,3.3909669476092093e-05
D1722,3.372003450623819e-05
D1769,3.361291609521548e-05
D552,3.34932609913431e-05
D531,3.313493396828717e-05
D604,3.3052291652037713e-05
D1538,3.300590337373567e-05
D946,3.296138620397408e-05
D1560,3.294706725047599e-05
D642,3.291723173446342e-05
D1562,3.2780136784468126e-05
D1572,3.267071301888953e-05
D1691,3.2634309919998905e-05
D293,3.261755675584037e-05
D1462,3.255595119098568e-05
D307,3.25309531425055e-05
D874,3.238808677230243e-05
D760,3.23800473376704e-05
D1760,3.234263204686588e-05
D330,3.212589639402294e-05
D1456,3.2038283740760306e-05
D1605,3.200497134122671e-05
D253,3.198938546071829e-05
D1561,3.1824208638960084e-05
D1694,3.1744941070035625e-05
D1504,3.1721058567382454e-05
D1535,3.165162689089768e-05
D317,3.160626423489971e-05
D744,3.160025332890481e-05
D1679,3.1369099358766925e-05
D1542,3.123096932126158e-05
D1761,3.122335378452599e-05
D1748,3.1196565794257126e-05
D1544,3.0952645933976504e-05
D1518,3.0737129815871385e-05
D1666,3.073205236595106e-05
D1507,3.068051850215357e-05
D1708,3.0636846349798055e-05
D1662,3.056029919892333e-05
D1762,3.0488393893221957e-05
D1611,3.0459060487853137e-05
D1657,3.0399195708460846e-05
D1715,3.039647265901501e-05
D1680,3.0373564040652616e-05
D1524,3.029254358662313e-05
D1453,3.0257129573837223e-05
D1574,3.0214584069783812e-05
D1532,3.0133640566269225e-05
D853,3.0089345578421466e-05
D1604,3.000582664749231e-05
D1696,3.0002192908300636e-05
D1585,2.996410517883477e-05
D786,2.9949086476806924e-05
D342,2.9766186044867055e-05
D800,2.96211480981431e-05
D1624,2.9618471031205177e-05
D1771,2.9399390086986053e-05
D1610,2.9393167224304087e-05
D1539,2.9356520000553184e-05
D1618,2.935266547079223e-05
D696,2.9267928055892904e-05
D1555,2.925680499840217e-05
D1505,2.9248404243551897e-05
D1660,2.9115134818818668e-05
D1620,2.909975724210468e-05
D1511,2.9027287278905127e-05
D1590,2.902046136668107e-05
D566,2.8727784299026174e-05
D1533,2.8642743957300954e-05
D1664,2.8553626138611594e-05
D358,2.8519597772365352e-05
D1703,2.851783799640862e-05
D1599,2.838291922051866e-05
D511,2.8379203836725253e-05
D1552,2.8357942764616387e-05
D1527,2.8252674901103587e-05
D735,2.805039068907632e-05
D1741,2.799566887590319e-05
D509,2.7909886541479154e-05
D759,2.7848212309681925e-05
D1745,2.7823767132805394e-05
D1566,2.77542013983961e-05
D1753,2.7549047014666215e-05
D1460,2.7314397285691527e-05
D1674,2.7167889761179342e-05
D1550,2.7146327855642812e-05
D875,2.7075871985136306e-05
D1474,2.6977886953087056e-05
D1675,2.691913970608596e-05
D265,2.689601225679489e-05
D1659,2.680529227668755e-05
D1652,2.6752807357664617e-05
D945,2.6722268520316208e-05
D1564,2.669217659868121e-05
D565,2.660657698960212e-05
D294,2.6595287312388608e-05
D1631,2.6403614786107464e-05
D1494,2.6318822126723152e-05
D1688,2.624395537377002e-05
D856,2.612859453140888e-05
D1732,2.6108991217055207e-05
D285,2.6082129953108023e-05
D1489,2.6029903693439332e-05
D1613,2.5647040624510663e-05
D1690,2.5439447019451814e-05
D1643,2.5425116726890833e-05
D713,2.542255393550882e-05
D1577,2.5323127653544627e-05
D804,2.525338291758171e-05
D1711,2.5252925839197176e-05
D1702,2.5165074905816505e-05
D1601,2.5019331367694716e-05
D870,2.5005364971040554e-05
D1737,2.4991173771479074e-05
D1628,2.4901851254942377e-05
D1588,2.484895504157953e-05
D1646,2.466949170772161e-05
D1742,2.4636139325042947e-05
D1495,2.4589608839740357e-05
D1568,2.4333118659530094e-05
D299,2.4317310322025795e-05
D1687,2.3848185431172996e-05
D1633,2.382649211545831e-05
D385,2.375869477938568e-05
D839,2.3675789123328517e-05
D1756,2.3567665358230036e-05
D573,2.347956396985429e-05
D1554,2.3401172950944814e-05
D1648,2.337171188914991e-05
D1466,2.3321544292655918e-05
D1772,2.3284308304377175e-05
D887,2.3256039520534115e-05
D1629,2.3222320449081355e-05
D657,2.3196941566826835e-05
D1530,2.3195373873291474e-05
D316,2.3178914267495767e-05
D726,2.312045548854041e-05
D632,2.2928301511953403e-05
D1776,2.288920399061397e-05
D715,2.2888578557126e-05
D637,2.2818325107978215e-05
D1479,2.2799666713266297e-05
D922,2.279220235472859e-05
D1567,2.2611347304197938e-05
D1751,2.259745444067669e-05
D1712,2.2376648595400492e-05
D944,2.2348087550622253e-05
D368,2.2302244073679163e-05
D1770,2.2284017819974546e-05
D1635,2.2223945350449493e-05
D1578,2.2166325017250815e-05
D1586,2.214305530896944e-05
D1621,2.2121168980861178e-05
D860,2.202627728071346e-05
D719,2.1403328206037748e-05
D1512,2.1284853541307628e-05
D640,2.1082146624768007e-05
D1488,2.1050618490455323e-05
D602,2.103103031934827e-05
D308,2.0978389435463618e-05
D1733,2.080148425679514e-05
D780,2.072719612899264e-05
D1471,2.062330943712451e-05
D1485,2.039473900081463e-05
D356,2.0257524912382955e-05
D1478,2.01444006225756e-05
D1493,2.0134678372910584e-05
D1516,2.0051922058246617e-05
D1487,2.0029087615507366e-05
D1743,2.0014549698349026e-05
D1724,1.9998766022116033e-05
D1467,1.996073991424401e-05
D487,1.9915230944282806e-05
D1480,1.9851545892525448e-05
D1573,1.9759166976883138e-05
D1701,1.954352241848184e-05
D1639,1.915207997682306e-05
D1636,1.9149835502129188e-05
D1600,1.9028996402507142e-05
D1597,1.8955895941648356e-05
D571,1.8930627731760252e-05
D1658,1.8877110648129028e-05
D437,1.8852391323323516e-05
D1730,1.883515989263982e-05
D1500,1.8827853457994104e-05
D1755,1.8791525451663768e-05
D1450,1.86301252626748e-05
D1461,1.86279498929969e-05
D854,1.861904409044435e-05
D257,1.8562276222946496e-05
D683,1.8517205273642433e-05
D298,1.843455182217008e-05
D1692,1.8273153309810894e-05
D1546,1.8080681145561056e-05
D1706,1.8040342434295214e-05
D533,1.8022980849474186e-05
D256,1.788600151594908e-05
D1707,1.7814840200181733e-05
D344,1.7410455287374852e-05
D923,1.7216699941332093e-05
D1759,1.7022503389490794e-05
D871,1.6985212564127484e-05
D873,1.6947906448145587e-05
D425,1.693912715838896e-05
D708,1.6903619861714743e-05
D1491,1.6889695569202862e-05
D618,1.6839253313707832e-05
D1727,1.6758443851736192e-05
D1630,1.6742671428072514e-05
D1581,1.6561296251294258e-05
D1672,1.649296014313518e-05
D1510,1.6318182314729125e-05
D372,1.6298513624723213e-05
D784,1.6228623131972292e-05
D1766,1.611565041728877e-05
D714,1.602980430420206e-05
D1459,1.5845370773607575e-05
D877,1.5843570962028044e-05
D1476,1.5293638443295092e-05
D241,1.4977064570821952e-05
D1579,1.492762387393946e-05
D332,1.484570033924855e-05
D302,1.482669638242747e-05
D1667,1.4758409724851137e-05
D1506,1.4484806421426668e-05
D1490,1.4174284488938629e-05
D1655,1.409841075964447e-05
D648,1.4019272101243588e-05
D1457,1.3461069487260908e-05
D782,1.3394164266558642e-05
D1563,1.3319195423900321e-05
D852,1.3292636372564876e-05
D717,1.323683903997542e-05
D398,1.3220446547547915e-05
D541,1.317627777123967e-05
D1472,1.3143642042667769e-05
D1575,1.3091653429110965e-05
D322,1.3077905493843672e-05
D357,1.290040697279418e-05
D694,1.2887164205936472e-05
D1740,1.2880680255864893e-05
D1482,1.2814832249106746e-05
D402,1.2460791910978635e-05
D1531,1.2433777667628506e-05
D1649,1.2307067574587906e-05
D1606,1.2140460138075937e-05
D1455,1.2085745572853547e-05
D297,1.2052854579177645e-05
D682,1.2029220066695808e-05
D1683,1.1977156479689268e-05
D1625,1.180223906830373e-05
D304,1.1770564069347379e-05
D1704,1.1713344116373491e-05
D1534,1.1578077681470218e-05
D799,1.1414549691547366e-05
D878,1.1176357863628817e-05
D805,1.0787745308637293e-05
D1617,1.0765771711639843e-05
D1747,1.0674063053790042e-05
D783,1.066483746219901e-05
D633,1.063756027890996e-05
D1549,1.06081891274679e-05
D921,1.0357050351139495e-05
D785,1.0315983503728926e-05
D1465,1.0250015773767519e-05
D1670,1.013930733449733e-05
D1773,1.0131534373906212e-05
D1738,1.010566802556625e-05
D781,9.814028843317452e-06
D787,9.800273159678573e-06
D485,9.746393224966812e-06
D1594,9.670372493779445e-06
D1517,9.63288646150436e-06
D490,9.619262358063635e-06
D746,9.608588100153384e-06
D295,9.465514028434543e-06
D836,9.342597135943493e-06
D639,9.241139398707794e-06
D1616,9.23825523009504e-06
D829,8.913484813917186e-06
D354,8.905238800692332e-06
D789,8.673931494440218e-06
D384,8.596636680599701e-06
D439,8.548563510599626e-06
D1553,8.51115039703674e-06
D574,8.50745649649702e-06
D305,8.27399917226949e-06
D570,8.254582961240705e-06
D572,8.157889367201338e-06
D301,8.00539686938794e-06
D369,7.996680687978968e-06
D872,7.896829253851063e-06
D370,7.74451032047126e-06
D646,7.601290370327766e-06
D684,7.530936356739955e-06
D1719,7.391869138618561e-06
D1721,7.368495655336231e-06
D824,7.256487458521873e-06
D345,7.1437131892219465e-06
D720,7.011125937797223e-06
D296,6.900495639040295e-06
D324,6.820033486735439e-06
D838,6.801665100151153e-06
D788,6.7181824235658305e-06
D1685,6.444633488069455e-06
D1693,6.353130064520683e-06
D333,6.33882055194824e-06
D888,6.2936483681787505e-06
D821,6.291770997786332e-06
D575,6.279212613891156e-06
D323,6.158322986138804e-06
D837,6.1318303785874734e-06
D1686,6.044881196384822e-06
D647,5.963301848010537e-06
D737,5.920173197988482e-06
D540,5.885838330171299e-06
D847,5.726229972680939e-06
D1477,5.663647469737147e-06
D825,5.207691213831958e-06
D502,5.1833600239028e-06
D924,5.169605064677596e-06
D828,4.785634198223684e-06
D234,4.26368665861653e-06
D1678,3.92243204607737e-06
D879,3.7942357815120527e-06
D484,3.7054379008536398e-06
D859,3.6363129281787575e-06
D269,3.494443109623754e-06
D861,3.4826489266770365e-06
D827,3.426049648492513e-06
D721,3.4111520558259434e-06
D840,3.2687532503426345e-06
D438,2.8621428232516722e-06
D831,2.8565148639957663e-06
D405,2.6894271116880197e-06
D242,2.6797106060868273e-06
D277,2.5422651138359548e-06
D1671,2.4259538969972993e-06
D406,2.3595738630966045e-06
D371,2.134962511400127e-06
D306,2.1037589628223378e-06
D1714,1.758106503921853e-06
D401,1.37525287950452e-06
D488,1.3252590767492642e-06
D1651,1.322952986661288e-06
D489,1.2514386782702564e-06
D303,1.150237675278347e-06
D240,0.0
D862,0.0
D72,0.0
D826,0.0
D823,0.0
D858,0.0
D830,0.0
D638,0.0
D820,0.0
D404,0.0
D605,0.0
D822,0.0
